"","site","date","Depth_ft","DO_mg.L","pH","Specific_Conductivity_uS.cm","Temperature_C"
"1","legacy",2023-04-01,0.65879194139481,11.172487112192,9.21820922998282,236.91146928072,10.2286668373988
"2","legacy",2023-04-02,0.735372430893782,9.45203970753869,8.80035423097156,238.321378293245,9.3186646848917
"3","legacy",2023-04-03,0.77262415510545,8.84365414381027,8.58548512666122,209.458090067287,9.67798886299133
"4","legacy",2023-04-04,0.806419623744084,10.4393796298815,8.72219783268618,12.8213415340155,5.73556516071161
"5","legacy",2023-04-05,0.821604065649385,10.6897651672363,8.64274903475228,3.41154256386635,4.75793561777648
"6","legacy",2023-04-06,0.763926746947109,10.5652397684304,8.82329461688087,0.0883704030088016,5.89760152834008
"7","legacy",2023-04-07,0.686905360347797,9.86732944912381,8.81053420630368,296.75667869754,8.85878202650282
"8","legacy",2023-04-08,0.69779830423758,9.46265667042834,8.86541565259298,278.243925973271,9.91091614464919
"9","legacy",2023-04-09,0.748202870017589,9.65696378376173,8.82311047001889,264.500318230523,9.73947757979234
"10","legacy",2023-04-10,0.751890065615449,9.03932207695981,8.8250904083252,252.504911841416,11.811674028635
"11","legacy",2023-04-11,0.851755781657471,8.57955850164096,8.76745982964834,237.071946779887,12.5789069554892
"12","legacy",2023-04-12,1.02341565722379,8.28723533102807,8.63329606254896,201.685624758402,13.0701316240672
"13","legacy",2023-04-13,0.718087816617118,8.34244702543531,8.45770335197449,244.125958919525,13.6904079503026
"14","legacy",2023-04-14,0.79445776215819,8.46936265627543,8.37403451402982,206.929206848145,11.1221994161606
"15","legacy",2023-04-15,1.00838412528964,9.82915846856086,8.38239119450251,170.68758837382,7.8395624657472
"16","legacy",2023-04-16,0.890409884286035,9.78168739875158,8.44427153468132,179.770943800608,8.45701720317205
"17","legacy",2023-04-17,0.952769983374287,9.24167232310518,8.47416859484733,183.550434843023,10.2630864508609
"18","legacy",2023-04-18,1.06444921598587,8.8855457672706,8.36441669883309,174.51254255693,10.9138815324385
"19","legacy",2023-04-19,1.25609388248286,9.07302207748095,8.35046644012133,157.108459472656,10.2943619439999
"20","legacy",2023-04-20,1.27326435613769,10.1199849234687,8.33583654827542,154.674034457737,6.82324774530199
"21","legacy",2023-04-21,1.19618826089493,10.3475624720256,8.38035507996877,168.377940972646,6.07199095686277
"22","legacy",2023-04-22,0.924131697434549,10.1822969218095,8.49720543622971,207.986477533976,6.76293302079042
"23","legacy",2023-04-23,0.906437482509409,10.0331904192766,8.54783793290456,220.110812822978,7.93224462370078
"24","legacy",2023-04-24,0.911532413822922,9.19283989071846,8.53119212388992,222.741768519084,10.7245505452156
"25","legacy",2023-04-25,1.06038523505866,8.90903563797474,8.43141382932663,184.754299163818,11.3680199682713
"26","legacy",2023-04-26,1.09350273345827,9.34306836128235,8.46735606590907,185.185797691345,10.4804264704386
"27","legacy",2023-04-27,1.0799425316725,8.78684494892756,8.42697010437647,178.867495854696,12.2822720607122
"28","legacy",2023-04-28,1.11781027019738,9.07104420661926,8.40245107809702,159.84449450175,11.3262385725975
"29","legacy",2023-04-29,1.11388580853486,9.03882047865126,8.13946749405427,174.468432617187,11.9003990491231
"30","legacy",2023-04-30,1.17702777600757,8.6748653948307,8.09106468160947,172.685893535614,13.2027812004089
"31","legacy",2023-05-01,1.23419994712508,8.67520404358705,7.92127458469288,147.967750318123,12.879672139883
"32","legacy",2023-05-02,1.02705212934304,8.63413518667221,7.80521165820914,134.613731125654,12.7260814209779
"33","legacy",2023-05-03,0.854880426838368,8.49644810503179,7.75733835403233,138.872428894043,13.4720932046572
"34","legacy",2023-05-04,1.42060289094265,8.69011803747902,7.69049896597862,126.262922583686,12.1113864050971
"35","legacy",2023-05-05,2.03181875690764,9.50845176908705,7.53358467145898,90.8962125142415,9.30665487785862
"36","legacy",2023-05-06,2.48678602537014,9.57908519576578,7.54253840446472,88.2894254525502,9.73024874467116
"37","legacy",2023-05-07,2.17829243979624,9.44920372962952,7.57133261362712,89.3582339185349,9.76666080951691
"38","legacy",2023-05-08,2.39380607963591,9.59071150422096,7.67478122313817,87.1412483851115,9.47917314370473
"39","legacy",2023-05-09,2.39397479803892,9.49071550369263,7.61622807036999,85.0877972443898,9.8590827335914
"40","legacy",2023-05-10,2.35084804343791,9.27092910806338,7.56614382723544,82.4074788888295,10.5099504987399
"41","legacy",2023-05-11,1.63711787535276,9.51858030756315,7.57137801249822,86.5149445533752,8.97936680912971
"42","legacy",2023-05-12,1.56824148621817,9.58609383304914,7.59768281877041,98.4268806775411,8.86968593299389
"43","legacy",2023-05-13,1.22505865378867,9.31418184439341,7.65703924993674,109.865895589193,10.2291860282421
"44","legacy",2023-05-14,1.1786339877461,9.18895922104518,7.65215455989043,112.055737257004,10.502190242211
"45","legacy",2023-05-15,1.99103824682642,9.53042364739752,7.56764028598736,90.2929186139788,9.75767647136341
"46","legacy",2023-05-16,2.13646096867345,9.05103576183319,7.53143072128296,60.1506314277649,12.1987156867981
"47","legacy",2023-05-17,2.85069597694014,9.40923076868057,7.62026916391709,65.5369716882706,10.7954448759556
"48","legacy",2023-05-18,3.00124326763234,9.47040371184653,7.68306651711464,64.2208204154509,10.8254546324412
"49","legacy",2023-05-19,3.314218013742,9.75957566119255,7.67237445215384,63.8642447055914,9.93335539102554
"50","legacy",2023-05-20,3.22575119029355,9.85993504157433,7.73602810005347,63.1289974975586,10.1693884034952
"51","legacy",2023-05-21,3.32318513547111,9.62344247102737,7.69244464238485,68.7102827112725,10.7541213035583
"52","legacy",2023-05-22,3.34724071902252,9.38857041796049,7.660793825984,62.1987534761429,11.1716033418973
"53","legacy",2023-05-23,3.23767346818523,9.39191798541857,7.62574607767957,57.5703769922256,11.4139372607072
"54","legacy",2023-05-24,3.11011582382902,9.34395049413045,7.59400210281213,56.2296055952708,11.4564352929592
"55","legacy",2023-05-25,3.12500140633517,9.60242113314177,7.58879467844963,47.7105928708429,10.736885458231
"56","legacy",2023-05-26,3.26520457881649,9.32992656334587,7.54396745722781,46.8112777709961,11.4444551765919
"57","legacy",2023-05-27,3.35612629662791,9.62864767236912,7.58130750060081,46.0133943250102,10.6705621381601
"58","legacy",2023-05-28,3.31843389758888,9.43858691056569,7.54159790774186,43.6122885204497,11.1883112589518
"59","legacy",2023-05-29,3.14921835456632,9.31358989254459,7.59749676287174,43.3636859854062,11.610127578179
"60","legacy",2023-05-30,2.9557294549651,9.18835676038587,7.59723672461002,44.4308748841286,12.0815890928109
"61","legacy",2023-05-31,2.95187905538745,9.18896452585856,7.57466873592801,45.0208881334825,11.90199186537
"62","legacy",2023-06-01,2.79742145797734,9.21737548426578,7.52193428221203,49.2393349806468,11.6038009226322
"63","legacy",2023-06-02,2.85703894449439,9.23408906003262,7.51561029495732,49.5688952207565,11.5955089728038
"64","legacy",2023-06-03,3.16192405109872,9.394850730896,7.50151209953504,47.6384768088659,11.0550725360711
"65","legacy",2023-06-04,3.22172745195935,9.36380398273468,7.50019412442862,50.9523722728093,11.1745153566202
"66","legacy",2023-06-05,4.32619948869609,9.48231739799182,7.50342056059068,58.1243441899618,10.9972256322702
"67","legacy",2023-06-06,4.28295939749331,9.28939656416575,7.53640650212765,62.1671251455943,11.8133131861687
"68","legacy",2023-06-07,4.10531641268879,9.17198870579402,7.56865866482258,53.3857290347417,12.2053657273451
"69","legacy",2023-06-08,4.21900153762845,9.31059419541132,7.52668571472168,51.0154859754774,11.4075393207738
"70","legacy",2023-06-12,4.10833562887012,9.36960397585474,7.65101431836986,67.7194709392509,11.5898109349337
"71","legacy",2023-06-13,4.02718746883152,9.4976046482722,7.67063596347968,72.0880858103434,11.0218707521756
"72","legacy",2023-06-14,4.245785670247,9.42101681232452,7.71147066851457,79.3434526920319,11.4238081077735
"73","legacy",2023-06-15,4.09947995797146,9.06330755352974,7.65781996647517,78.7929097016652,12.869927128156
"74","legacy",2023-06-16,4.11512444422387,9.19763386249542,7.66843712583501,78.7889607747396,12.440936734279
"75","legacy",2023-06-17,4.4107788665458,9.26355886459351,7.72450593610605,87.0772081216176,12.1542917191982
"76","legacy",2023-06-18,4.42035893982987,9.10875274737676,7.730462094148,86.9476804733276,12.7275049984455
"77","legacy",2023-06-19,4.06934145448869,8.91420442859332,7.68892637888591,82.4178569316864,13.5608231127262
"78","legacy",2023-06-20,3.86966811582519,8.76229815681775,7.64045857368632,78.613239924113,14.3623736898104
"79","legacy",2023-06-21,3.81005924466311,8.89908503492673,7.62402047216892,75.1821931997935,13.9092265764872
"80","legacy",2023-06-22,3.8548011399029,8.71862064798673,7.65830496450265,74.2569638093313,14.7572985490163
"81","legacy",2023-06-23,4.02611486284955,8.71622682147556,7.62050290107727,71.7988842434353,14.7716830995348
"82","legacy",2023-06-24,3.95804323504119,8.74908109505971,7.68561910092831,71.6380684375763,14.5719809631507
"83","legacy",2023-06-25,3.64892733846125,8.79380658268929,7.69997243583202,71.3651655515035,14.4988196690877
"84","legacy",2023-06-26,3.20595353421667,8.56139074762662,7.65452874467728,73.7361463705699,15.4183408816655
"85","legacy",2023-06-27,2.74795891197319,8.20720371603966,7.70281103253365,77.9817191759745,16.6207825716804
"86","legacy",2023-06-28,2.46093142490137,8.20333520571391,7.73360374768575,78.637333255344,16.7402816878425
"87","legacy",2023-06-29,2.09949253760714,8.10226295806549,7.71256431440512,81.880024989446,17.4574009776115
"88","legacy",2023-06-30,1.74037016288563,8.24601681312818,7.68888053794702,84.9271880785624,16.4334875543912
"89","legacy",2023-07-01,2.37207465386378,8.71891145904859,7.70508783062299,82.3794428507487,14.6737105051676
"90","legacy",2023-07-02,2.18026263910649,8.42121748129527,7.70537709693114,81.071162152034,16.1071059008439
"91","legacy",2023-07-03,1.81087004227659,8.25143088897069,7.67994727194309,80.000878016154,16.7733364204566
"92","legacy",2023-07-04,1.46593018096776,8.23903700212638,7.6748633980751,81.5236405531565,16.5251078108946
"93","legacy",2023-07-05,1.82871723066479,8.458109776179,7.65993040800095,79.6280687650045,15.4468504786491
"94","legacy",2023-07-06,2.28651560075168,8.64869993925095,7.69420828421911,78.1803580493462,14.8925752043724
"95","legacy",2023-07-07,2.25841792697582,8.41411250829697,7.68610712389151,78.3748301310712,15.9780122439067
"96","legacy",2023-07-08,2.06667704291376,8.51617157459259,7.69922459125519,80.9878573417664,15.4462534089883
"97","legacy",2023-07-09,2.12861699344471,8.3952752550443,7.72131372491519,84.6318045457204,16.094115883112
"98","legacy",2023-07-10,2.33644091189574,8.23679934442043,7.71202290554841,86.0112248684498,16.9991453985373
"99","legacy",2023-07-11,2.06533751788654,8.09000352025032,7.75238485634327,91.7101709047953,17.8313059310118
"100","legacy",2023-07-12,1.75085514677098,7.93759887417157,7.76900036136309,95.8933149973551,18.5315210620562
"101","legacy",2023-07-13,1.51424047974457,7.96549181143443,7.78392046193282,100.980711221695,18.4709902008375
"102","legacy",2023-07-14,1.18389156027219,7.90416858593623,7.75349356730779,98.6897597312927,18.2489819029967
"103","legacy",2023-07-15,1.28437830271594,7.97997308770816,7.75607993702094,92.1272585391998,18.287452240785
"104","legacy",2023-07-16,0.909935164512259,7.8634601632754,7.76189407209555,110.483766078949,18.8397100965182
"105","legacy",2023-07-17,0.809578405522649,7.60131424665451,7.77528167764346,116.387422879537,19.383894542853
"106","legacy",2023-07-18,0.93180331986694,7.91529856257969,7.74988721461778,106.081277942657,17.9874451531304
"107","legacy",2023-07-19,0.902397362831486,8.06477112571398,7.64388606448968,98.9821112738715,17.3082153002421
"108","legacy",2023-07-20,0.833923480150655,8.13496193289757,7.65265146394571,97.9135898790861,17.0631076494853
"109","legacy",2023-07-21,1.11689249026539,8.18478255967299,7.59350285430749,91.0199859937032,16.8327054878076
"110","legacy",2023-07-22,0.653990082070547,7.76126451293627,7.71372686870514,119.649631341298,18.8668510218461
"111","legacy",2023-07-23,0.587718942196917,7.60177189608415,7.70568525429928,124.860471089681,19.4831994672616
"112","legacy",2023-07-24,0.60316093781458,7.69673012197018,7.71393548945586,117.265545368195,19.1408837040265
"113","legacy",2023-07-25,0.604411524739166,7.68459977601704,7.73212675295378,114.2114807932,19.448674493087
"114","legacy",2023-07-26,0.718341627482973,7.87429469823837,7.73166278998057,108.250446359735,18.2651661038399
"115","legacy",2023-07-27,0.916138939073582,8.2677816649278,7.80096328258514,99.2365621725718,16.8944274981817
"116","legacy",2023-07-28,0.940566272460182,8.25598813096682,7.79875938097636,98.9048243363698,16.9389314552148
"117","legacy",2023-07-29,0.917533853581382,8.34744633734226,7.82413946092129,99.5308422247569,16.8611346582572
"118","legacy",2023-07-30,0.983573379425322,8.19847192863623,7.77284375826518,100.903902610143,17.1344718138377
"119","legacy",2023-07-31,1.17264305579014,8.43093460862355,7.80907922486464,95.3228407700856,16.2517853975296
"120","legacy",2023-08-01,1.75916049422475,8.31432191034158,7.59368487199148,86.2247135208314,16.0681412518024
"121","legacy",2023-08-02,1.11596447633975,8.03636773924033,7.66186901430289,95.2810205500177,17.8903218309085
"122","legacy",2023-08-03,1.12699762486074,7.77228657901287,7.62140775720278,104.177547454834,18.020186205705
"123","legacy",2023-08-04,1.59514987419881,8.25847054024537,7.6551670730114,85.3260560830434,16.9366378982862
"124","legacy",2023-08-05,0.759418867374406,7.8158301115036,7.70292142033577,113.017979303996,19.0692385633787
"125","legacy",2023-08-06,0.830472038315113,7.86403990785281,7.73802993694941,111.035398960114,18.3987196683884
"126","legacy",2023-08-07,1.09151788071816,8.28840430080891,7.76677320400874,101.756882667542,16.7019185622533
"127","legacy",2023-08-08,0.973386259934155,8.28733236649457,7.73957581239588,103.531333205279,16.4562803044039
"128","legacy",2023-08-09,0.826836197087424,8.55993982652823,7.83236499542886,103.807684595445,16.426372975111
"129","legacy",2023-08-10,0.628729942816306,8.25198551019033,7.87747439245383,118.823072244833,17.555889993906
"130","legacy",2023-08-11,0.585484064173767,8.2350957095623,7.9129157937983,129.671919425329,17.3373062882242
"131","legacy",2023-08-12,0.577771828456779,8.29810796301049,7.93514639277791,147.155075254894,18.1441282629967
"132","legacy",2023-08-13,0.713871011725206,8.43422430257002,7.92546167969704,113.784986495972,16.4856868684292
"133","legacy",2023-08-14,0.730353574977651,8.90645469228427,7.98772298792998,108.647622426351,15.2023904323578
"134","legacy",2023-08-15,0.746168785701969,8.86884320278963,8.02359503507614,106.675965070724,15.8011280894279
"135","legacy",2023-08-16,0.657267920708376,8.66868037527258,8.03942024707794,112.153396340304,16.8744173808531
"136","legacy",2023-08-17,0.750515083274029,8.43987791017554,8.0672212044398,112.147894664477,16.8560602267583
"137","legacy",2023-08-18,0.921232685123862,8.72698028882345,8.0939514140288,102.006708860397,16.1622633039951
"138","legacy",2023-08-19,0.961518201080628,8.60511339471695,8.00267221735812,106.222684780757,16.2854721844196
"139","legacy",2023-08-20,1.09756867064055,8.68148694932461,8.04005775849024,104.43722931544,16.4004632035891
"140","legacy",2023-08-21,1.04078990385054,8.84072206417719,8.0580690652132,99.28560034434,15.8093354403973
"141","legacy",2023-08-22,1.01197289312673,8.88489990433057,8.09226096669833,95.181719938914,15.5362130602201
"142","legacy",2023-08-23,1.10604607293497,8.99772822062175,8.03959190711547,97.2980172417381,14.7305476824443
"143","legacy",2023-08-24,1.20854465060427,8.80750494225081,7.95233291803404,101.100602583452,14.8754298903725
"144","legacy",2023-08-25,1.44694592094361,8.82879084348679,7.75506534179052,99.4664294719696,13.8245019316673
"145","legacy",2023-08-26,1.25351070526084,9.01747251550356,7.99012476205826,113.852330525716,14.7289075354735
"146","legacy",2023-08-27,1.01312010003615,8.58019995192687,7.90115068679632,126.015597184499,15.786306232214
"147","legacy",2023-08-28,1.22890492797971,8.89123503367106,7.98723630702242,113.643709103266,14.9595048924287
"148","legacy",2023-08-29,1.128305615331,8.56561166200882,7.94547073231187,121.287319224368,15.0050062934558
"149","legacy",2023-08-30,1.19861062478021,8.57662550823109,8.04133047956102,116.451213439306,15.1593074500561
"150","legacy",2023-08-31,0.933711965729489,8.26995375909303,7.92640493132851,126.196177742698,15.6247636730021
"151","legacy",2023-09-01,0.720589904200857,8.02638045719692,7.97462114691734,146.485543568929,16.621979256471
"152","legacy",2023-09-02,0.622579843202757,7.22420708594784,7.97652402488134,180.200188954671,17.6570721794577
"153","legacy",2023-09-03,0.595859416666538,7.58103750987225,7.82225837098791,186.837067292866,18.5369249681632
"154","legacy",2023-09-04,0.876530524452551,7.3143225781461,7.82388102345996,210.213328731761,16.6994732717673
"155","legacy",2023-09-05,1.38490571788046,8.93242113788923,7.84800478319327,99.2965553601583,13.8068887889385
"156","legacy",2023-09-06,0.974084219711471,8.96068477630615,7.91100523372491,113.79430270195,14.5720484029679
"157","legacy",2023-09-07,0.769278598110077,8.56764753659566,7.91275936365128,132.467657327652,14.978488445282
"158","legacy",2023-09-08,0.806152288211368,8.80681973695755,7.93847592504401,126.286487940738,15.164487893554
"159","legacy",2023-09-09,0.668172308825787,7.93580836554368,7.77290184623317,194.779933487742,16.0797020494938
"160","legacy",2023-09-10,0.981164261431011,8.67505333324273,7.77331634859244,115.287442922592,13.5546387732029
"161","legacy",2023-09-11,1.15566684526864,9.258578551443,7.87041626870632,112.188050190608,12.4103802731163
"162","legacy",2023-09-12,1.05835078628546,9.13301710460497,7.911001821359,116.282492876053,13.0928348600864
"163","legacy",2023-09-13,0.98555764349028,8.69079577922821,7.73704088175738,119.397197894196,12.87477348532
"164","legacy",2023-09-14,0.807275075519233,NA,NA,NA,NA
"165","legacy",2023-09-15,0.839627319289202,NA,8.43002646309989,140.584085736956,16.2869127818516
"166","legacy",2023-09-16,1.17106735231749,NA,7.81238871316115,133.112438042959,13.6436717708906
"167","legacy",2023-09-17,0.817021001818863,NA,7.94781294176655,227.012109915415,16.2923747003078
"168","legacy",2023-09-18,0.641121288788281,NA,7.87243085106214,308.717500368754,16.884491900603
"169","legacy",2023-09-19,0.632657764235469,NA,7.76509158797715,323.84208984375,16.7113771415051
"170","legacy",2023-09-22,NA,7.95374031861623,NA,160.477860884233,17.4662429491679
"171","legacy",2023-09-23,NA,7.77884721254048,8.67275681215174,167.169280370077,14.4510369896889
"172","legacy",2023-09-24,NA,7.95297188063463,8.6579644985688,177.545716603597,14.3561166053595
"173","legacy",2023-09-25,NA,7.95375228424867,8.64183950424194,182.11084763209,14.3965591291587
"174","legacy",2023-09-26,NA,7.73683634306255,8.6168729464213,257.595047732434,15.3864633043607
"175","legacy",2023-09-27,NA,7.39977280795574,8.59326782742062,336.541470035092,16.3492675125599
"176","legacy",2023-09-28,NA,7.19627558557611,8.63864520192146,320.180330548968,16.4903156459332
"177","legacy",2023-09-29,NA,7.14218009971991,8.48867115221526,320.662965794614,16.3296354494597
"178","legacy",2023-09-30,NA,7.26447091451505,8.49443554878235,348.585292180379,16.291895588239
"179","legacy",2023-10-01,NA,6.71757001261557,8.52850645780563,370.962949712226,16.8785807291667
"180","legacy",2023-10-02,NA,6.94408662617207,8.52528282999992,361.276280504592,16.5256263415019
"181","legacy",2023-10-03,NA,6.94488541954442,8.54631620837796,393.452661055553,15.6445177098115
"182","legacy",2023-10-04,NA,7.53029658166986,8.65449389815331,234.292450110118,13.8008574942748
"183","legacy",2023-10-05,NA,7.87830155094465,8.72780469059944,224.467682679494,13.8470275600751
"184","legacy",2023-10-06,NA,7.9740083041944,8.73082968463068,237.737707840769,13.3892877980282
"185","legacy",2023-10-07,NA,8.28909928103288,8.82992208997408,275.462955474854,12.4522634744644
"186","legacy",2023-10-08,NA,8.31883427004019,8.69745585792943,278.70698706309,12.7654446657966
"187","legacy",2023-10-09,NA,7.93847142159939,8.76568076014519,356.669475389564,13.6373374263446
"188","legacy",2023-10-10,NA,8.18103199700514,8.61012359857559,151.093517144521,12.2336632708708
"189","legacy",2023-10-11,NA,7.67897280146567,8.59778301367599,290.776001654731,12.4897415055169
"190","legacy",2023-10-12,NA,7.97234865926927,8.56352752767583,353.022989908854,12.2017434027887
"191","legacy",2023-10-13,NA,9.75801942745844,8.07880570671775,200.593719323476,9.74232005576293
"192","legacy",2023-10-14,NA,9.79044077793757,7.95105118552844,150.128380139669,9.2163650294145
"193","legacy",2023-10-15,NA,9.66812212090743,7.99901665525234,160.615047624376,9.41723453998566
"194","legacy",2023-10-16,NA,9.52387923190468,8.03917435595864,145.952904383341,10.5438302854697
"195","legacy",2023-10-17,NA,9.34795739023309,8.11592412502208,146.611421744029,11.1441765725613
"196","legacy",2023-10-18,NA,9.23397385446649,8.17503882469015,152.018188635508,11.6117607156436
"197","legacy",2023-10-19,NA,9.29558391785354,8.15350317687131,162.932785727761,11.3801061544525
"198","legacy",2023-10-20,NA,9.09028500318527,8.20883357524872,155.367235501607,11.5538388093313
"199","legacy",2023-10-21,NA,9.41297389091329,8.05878977974256,111.106370108468,11.1914005279541
"200","legacy",2023-10-22,NA,9.41383505860964,8.08437272409598,113.398014068604,11.2151389022668
"201","legacy",2023-10-23,NA,9.46218502646998,8.12460646529992,112.77921295166,11.0500444273154
"202","legacy",2023-10-24,NA,9.50560161189029,8.27209214937119,112.531250158946,11.1443872749805
"203","legacy",2023-10-25,NA,9.504542543533,8.55144453048706,113.203996256778,10.8686081965764
"204","legacy",2023-10-26,NA,9.41122939189275,8.05539875725905,124.792876640956,10.5704015791416
"205","legacy",2023-10-27,NA,10.5576184193293,8.30158076186975,193.373587263391,8.45255620777607
"206","legacy",2023-10-28,NA,10.9128076136112,8.42900490760803,205.228271156229,5.80556564033031
"207","legacy",2023-10-29,NA,11.4300827168404,8.37751614550749,206.46382077535,4.18147076914708
"208","legacy",2023-10-30,NA,11.5449114839236,8.41253272195657,203.823802542179,3.83879320695996
"209","legacy",2023-10-31,NA,11.3965814188907,8.40313075482845,226.61322593689,4.41277000308037
"210","legacy",2023-11-01,NA,11.1283356249332,8.38766250511011,274.555318304833,5.49895929793517
"211","legacy",2023-11-02,NA,9.97193859400374,8.25753832923041,284.32183057997,6.40537268850538
"212","legacy",2023-11-03,NA,10.0292922953765,8.504831229647,226.195130013131,7.86025868852933
"213","legacy",2023-11-04,NA,10.1925594630994,8.57227800786495,254.332296951957,8.77586256464322
"214","legacy",2023-11-05,NA,10.1874088677027,8.5801163315773,253.929921523384,8.4309758891662
"215","legacy",2023-11-06,NA,10.2535579899947,8.56003352134458,253.478864953873,8.32541889448961
"216","legacy",2023-11-07,NA,9.99776953393286,8.51660326394168,249.625594422057,8.1477117224054
"217","legacy",2023-11-08,NA,9.85868444237658,8.44392010538202,279.552451724098,8.5046605310942
"218","legacy",2023-11-09,NA,10.4648593400654,8.45376671353976,271.643886324726,6.77931483586629
"219","legacy",2023-11-10,0.882410550255297,10.2501617848188,8.34535368009545,265.785371343774,5.40688229429311
"220","legacy",2023-11-11,0.939247000595195,9.6476190884908,8.47504085302353,286.24039729949,5.66169408212105
"221","legacy",2023-11-12,1.01724253559378,9.49828552206357,8.47149688998858,306.492286951402,6.10253814359506
"222","legacy",2023-11-13,1.07296371168154,9.1993906164682,8.19755993498133,288.907097180684,5.85472139219443
"223","legacy",2023-11-14,0.941386221919628,8.42370910977208,7.90025230745475,378.069635805876,6.3144728889068
"224","legacy",2023-11-15,0.826533044212508,9.09414778871739,8.06122634808222,337.014148712158,6.52210060755412
"225","legacy",2023-11-16,0.703049022770928,8.75960519413153,7.99786562720935,327.883488337199,6.23947413265705
"226","legacy",2023-11-17,0.765050692130136,8.86126019060612,8.02461335062981,318.49064095815,6.81133103370667
"227","legacy",2023-11-18,0.872451599045229,9.02742945651213,8.05656298995018,314.293429692586,6.48974670966466
"228","legacy",2023-11-19,0.903766150014941,8.80855142573516,8.08414502938589,315.551735560099,7.24711074431737
"229","legacy",2023-11-20,0.920714823810557,8.85614394644896,8.0521847307682,311.620579719543,6.56688766181469
"230","legacy",2023-11-21,0.932355383444099,9.35916172464689,8.03823745250702,306.177777926127,5.15552265445391
"231","legacy",2023-11-22,0.913180875942721,9.30454331636429,8.01942687729994,314.041878382365,5.03098908563455
"232","legacy",2023-11-23,0.889489039681799,8.82218341032664,7.92251486579577,327.546607017517,4.66853477805853
"233","legacy",2023-11-24,1.05654873292527,9.80200289686521,7.96814065178235,314.668358802795,1.95121365537246
"234","legacy",2023-11-25,1.1285438857625,10.3122082750003,8.01094670097033,317.520849545797,0.714186821482144
"235","legacy",2023-11-26,NA,10.2492817627756,7.99161904553572,357.336225191752,0.930109287631543
"236","legacy",2023-11-27,NA,10.2459845443567,8.03222142159939,373.856957435608,1.11859363492113
"237","legacy",2023-11-28,NA,10.1832341055075,8.03307044506073,374.622025489807,1.33016454377988
"238","legacy",2023-11-29,NA,10.0579972055223,8.02903138266669,367.303556993273,1.57403574585915
"239","legacy",2023-11-30,NA,9.87397923072179,8.07791104912758,350.008098920186,2.66407654682795
"240","legacy",2023-12-01,NA,9.85887179772059,8.06439828872681,335.11084216574,2.08735382308563
"241","legacy",2023-12-02,NA,10.0554884672165,8.05469100177288,326.443344116211,1.45562326333796
"242","legacy",2023-12-03,0.73196607033345,9.93850845098495,8.06303177277247,324.53102533868,1.9653912310799
"243","legacy",2023-12-04,0.820375015484351,9.89461584294096,8.07312430938085,328.496107737223,2.41033798580368
"244","legacy",2023-12-05,0.864640590774042,9.88608900705973,8.08504455784957,323.819260597229,3.01762317617734
"245","legacy",2023-12-06,1.03370692969639,8.90357173283895,7.91602720979784,326.317837574443,3.02105892681685
"246","lincoln",2023-07-13,NA,7.65158777236938,7.80383087793986,113.157009887695,21.3317666371663
"247","lincoln",2023-07-14,NA,7.76883634428183,7.66136374076207,106.162888447444,18.767906576395
"248","lincoln",2023-07-15,NA,7.86568561325902,7.69647771897523,94.120293824569,18.7255925924882
"249","lincoln",2023-07-16,NA,7.8742844859759,7.66748314637404,143.246188084284,19.2215311924617
"250","lincoln",2023-07-17,NA,7.35689727465312,7.68737363308034,186.772592391091,20.2568147381147
"251","lincoln",2023-07-18,NA,7.81083323558172,7.72063401341438,123.285257339478,18.6475896040599
"252","lincoln",2023-07-19,NA,8.01479154328505,7.72330680299313,127.396459023158,17.7741406361262
"253","lincoln",2023-07-20,NA,8.02650847534339,7.73319186048305,143.456807295481,17.8401114741961
"254","lincoln",2023-07-21,NA,8.0207780400912,7.68928602337837,109.049963076909,17.3087684214115
"255","lincoln",2023-07-22,NA,7.99289225538572,7.71032876769702,278.269119342168,19.8901789784431
"256","lincoln",2023-07-23,NA,7.70342910543401,7.82964332898458,369.107384681702,21.2029360334078
"257","lincoln",2023-07-24,NA,7.527321820618,7.82970334589481,293.4670586586,20.5184447367986
"258","lincoln",2023-07-25,NA,7.35563018710114,7.7821889569362,207.800431100946,21.0585457881292
"259","lincoln",2023-07-26,NA,7.74144273108624,7.83724265793959,154.43381301562,19.7303532958031
"260","lincoln",2023-07-27,NA,8.09725713729858,7.86419343451659,117.23740530014,17.4332719246546
"261","lincoln",2023-07-28,NA,8.02940152153261,7.86252592191868,114.294838373576,17.7733345351395
"262","lincoln",2023-07-29,NA,8.24963078125,7.92794046875,117.237676041667,17.31351875
"263","lincoln",2023-07-30,NA,8.0608539375,7.885801125,117.51933125,17.787934375
"264","lincoln",2023-07-31,NA,8.09907750760638,7.89348877250596,107.608674200139,17.2138388582123
"265","lincoln",2023-08-01,NA,8.12753259638945,7.66943746424736,93.2450646559397,16.5787955025832
"266","lincoln",2023-08-02,NA,7.97358785072962,7.70164643228054,121.100490411123,18.1093162695567
"267","lincoln",2023-08-03,NA,7.5833452095588,7.65293497788279,139.208980321884,18.7198173801104
"268","lincoln",2023-08-04,NA,8.13659914334615,7.68689995010694,106.461586872737,17.1650454302629
"269","lincoln",2023-08-05,NA,7.8545796473821,7.76030791566727,179.816308180491,19.2044052879016
"270","lincoln",2023-08-06,NA,7.78088846802711,7.81485220789909,158.17329065005,18.9628760417302
"271","lincoln",2023-08-07,NA,8.16952987015247,7.840970809261,125.398203929265,17.0225538214048
"272","lincoln",2023-08-08,NA,8.26444740096728,7.86399939656258,131.672424554825,16.7728386918704
"273","lincoln",2023-08-09,NA,8.48731922109922,7.91698959966501,142.176221052806,16.7735419770082
"274","lincoln",2023-08-10,NA,8.20221910874049,7.97951063513756,173.955317720454,18.2330110867818
"275","lincoln",2023-08-11,NA,8.33848596149021,8.03658207980069,188.00535096984,18.8449206458198
"276","lincoln",2023-08-12,NA,8.30056813359261,8.09417468309402,232.369473775228,19.2612751126289
"277","lincoln",2023-08-13,NA,8.31489553550879,8.06671605421149,153.174527645111,17.2663275202115
"278","lincoln",2023-08-14,NA,8.78644163906574,8.10037126439683,144.100537776947,15.8211779097716
"279","lincoln",2023-08-15,NA,8.69201634327571,8.11035906771819,137.668055534363,16.411423355341
"280","lincoln",2023-08-16,NA,8.33051440421115,8.14446631442295,155.93404225553,17.8826387919737
"281","lincoln",2023-08-17,NA,8.17824445168177,8.22993488113085,146.854677120845,18.055450518926
"282","lincoln",2023-08-18,NA,8.4262485653162,8.01893330797737,118.647152264913,16.8752180437247
"283","lincoln",2023-08-19,NA,8.29878063201904,8.08594769018668,125.094847361247,16.8889898061752
"284","lincoln",2023-08-20,NA,8.35247327387333,8.10183872060573,118.267736832301,16.9239434798559
"285","lincoln",2023-08-21,NA,8.45708652337392,8.08613537220245,112.81750981013,16.4713553786278
"286","lincoln",2023-08-22,NA,7.74386938687029,7.96719301157984,120.967380129058,17.8756800684436
"287","lincoln",2023-09-01,0.460918428845427,8.38960497379303,8.68937067985535,212.366337585449,19.4934586524963
"288","lincoln",2023-09-02,0.415770770316733,7.02982061107953,8.15722187360128,265.362917105357,19.2201634049416
"289","lincoln",2023-09-03,0.391054509303716,6.73927898705006,8.09779823323091,279.345995267232,19.8745344479879
"290","lincoln",2023-09-04,0.584270703521298,6.63948214054108,8.04765573143959,282.032482306163,18.0864648222923
"291","lincoln",2023-09-05,1.3155009425068,7.81568495432536,8.05962292883131,110.449987369114,13.9638404210409
"292","lincoln",2023-09-06,0.846979813745249,7.78468872110049,8.07391160229842,139.874361832937,14.5975214342276
"293","lincoln",2023-09-07,0.592595746145988,7.42758519450823,8.06818277637164,184.690437316895,15.9547386169434
"294","lincoln",2023-09-08,0.657141981254542,7.69605153799057,8.08240002890428,159.836720148722,15.2294238110383
"295","lincoln",2023-09-09,0.291310169897981,7.1989397307237,8.02207427720229,278.547582626343,17.2798235615094
"296","lincoln",2023-09-10,0.84659565155283,7.56891406575839,8.03633082906405,147.931489785512,14.8373374640942
"297","lincoln",2023-09-11,1.05860588113475,8.08972318967183,8.05550568799178,132.600153764089,12.7567776441574
"298","lincoln",2023-09-12,0.952597134914645,7.99705923273322,8.06173427453202,138.066664277838,13.2016689750586
"299","lincoln",2023-09-13,0.750345349616486,7.89929696104743,8.09191345626658,148.450274380771,13.6071210557764
"300","lincoln",2023-09-14,0.690172709258416,7.87643939256668,8.12965500354767,153.569494247437,14.2426689692906
"301","lincoln",2023-09-15,0.419822819128501,8.48718338353293,8.30948007106781,230.094918710214,15.1817451204572
"302","lincoln",2023-09-16,0.935026010616913,7.95879045625528,8.14413239558538,155.994577725728,13.9485920369625
"303","lincoln",2023-09-17,0.532925875215971,7.64632588128249,8.13492913544178,244.537931919098,15.5702231923739
"304","lincoln",2023-09-18,0.274950546473788,7.42584505677223,8.18007142345111,391.846520741781,17.258350421985
"305","lincoln",2023-09-19,0.2415179640972,7.15052872515739,8.1713388611873,407.218543688456,17.3707142174244
"306","lincoln",2023-09-20,0.31287306942999,7.36407996714115,8.17587420841058,377.265749613444,16.3972429831823
"307","lincoln",2023-09-21,0.8844347935067,7.74973651270072,8.20265216132005,190.260717868805,14.3142912685871
"308","lincoln",2023-09-22,0.819535104705962,7.63549834489822,8.21112592021624,183.107939402262,15.3010453482469
"309","lincoln",2023-09-23,0.779247031337324,7.64796297748884,8.23148365815481,195.2287718455,14.7590260505676
"310","lincoln",2023-09-24,0.771485418554429,7.86133316159248,8.24124291539192,203.10005903244,14.0871711373329
"311","lincoln",2023-09-25,0.730065853414006,7.87139237920443,8.26578129331271,213.092630068461,14.372403194507
"312","lincoln",2023-09-26,0.524688510560889,7.76074578861396,8.25914513071378,281.264522393544,14.9681091308594
"313","lincoln",2023-09-27,0.349934774162558,7.53776960571607,8.25560890634855,379.676582972209,16.0346109569073
"314","lincoln",2023-09-28,0.218159392434796,7.2875955680321,8.18434900956995,440.054516145553,16.4399767579703
"315","lincoln",2023-09-29,0.0979420465404134,8.36756772299608,8.18057373229493,353.661445922852,16.5207965373993
"316","lincoln",2023-09-30,0.0828214277939149,8.38860150178274,8.34902452653454,213.502120060707,16.2990339100361
"317","lincoln",2023-10-01,0.0881154698787304,7.92785008917464,8.27749344110489,96.2896923886405,16.1897366543611
"318","lincoln",2023-10-02,0.0953516169808111,7.97845457478573,8.06133890648683,449.649391598172,16.3528988758723
"319","lincoln",2023-10-03,0.128023162142266,7.24339132810894,7.98448321737092,463.81836272449,15.7455997069677
"320","lincoln",2023-10-04,0.624264659313084,8.25596621135871,8.05633639295896,288.054417809775,13.9144944449266
"321","lincoln",2023-10-05,0.606353644437609,8.61573169628779,8.07717934250832,249.528463681539,13.6880431175232
"322","lincoln",2023-10-06,0.538398571156493,8.74492538968722,8.09664431711038,266.751150925954,13.2965397735437
"323","lincoln",2023-10-07,0.433329270738872,9.12713641921679,8.15231207509836,311.124768257141,11.9541619718075
"324","lincoln",2023-10-08,0.385142366129043,9.00056071030466,8.17650783940365,315.16328671104,12.9680224067286
"325","lincoln",2023-10-09,0.133341815243403,8.91089988748232,8.12038788199425,409.99942334493,13.6458931863308
"326","lincoln",2023-10-10,0.558315526244145,8.80681875844797,8.15248313049475,241.929387251536,12.7495712141196
"327","lincoln",2023-10-11,0.207560089617077,8.70257738729318,8.1304788516118,260.169315656026,13.1050549944242
"328","lincoln",2023-10-12,0.1325195386416,8.68654790488623,8.08552661041419,445.054997444153,12.2101619740327
"329","lincoln",2023-10-13,0.383573535438148,9.38754034603343,8.10467497507731,317.369522501628,9.49877894345452
"330","lincoln",2023-10-14,0.761605605640047,9.70957984526952,8.14550953413311,186.274590903834,9.02057791760093
"331","lincoln",2023-10-15,0.710810576028437,9.65773906310399,8.16268051664034,190.327466805776,9.2872778326273
"332","lincoln",2023-10-16,0.877512805925474,9.41905950506528,8.1845482091109,165.29305267334,10.5574182073275
"333","lincoln",2023-10-17,0.869612533487061,9.22095669309298,8.22101968030135,167.289590040843,11.1883263687293
"334","lincoln",2023-10-18,0.889957697980149,9.0701556901137,8.30217929681142,170.28693151474,11.803388128678
"335","lincoln",2023-10-19,0.908679441134744,9.17209673921267,8.32765409847101,181.078436851501,11.5516983171304
"336","lincoln",2023-10-20,0.987415643341227,8.99409761930767,8.34587352652299,174.021746986791,11.6247908642418
"337","lincoln",2023-10-21,1.18316350068883,9.26909545063972,8.25406423869886,117.654231786728,11.2535461684068
"338","lincoln",2023-10-22,1.19058598041679,9.26755260427793,8.2906292428573,120.210144599279,11.3163046836853
"339","lincoln",2023-10-23,1.1977574773952,9.30920101205508,8.31991317868233,120.150693178177,11.0806996524334
"340","lincoln",2023-10-24,1.39976384375448,9.36157183845838,8.39143980542819,119.490521272024,11.2501718004545
"341","lincoln",2023-10-25,1.41893446701971,9.39510862032572,8.34421091775099,119.188122034073,10.9249926706155
"342","lincoln",2023-10-26,1.4005333784091,9.35007692376773,8.24207383890947,130.671003057602,10.649571677049
"343","lincoln",2023-10-27,0.963983234752787,10.3004110058149,8.38145418961843,211.570169607798,8.42210109035174
"344","lincoln",2023-10-28,0.850557241487866,10.7688730016668,8.58132276932398,232.854342460632,5.87498010198275
"345","lincoln",2023-10-29,0.765121730934874,11.4004778365294,8.50715379512056,245.248240311941,4.02844675630331
"346","lincoln",2023-10-30,0.790922988059533,11.4197907845179,8.53463693459829,236.161936124166,3.71847999344269
"347","lincoln",2023-10-31,0.701804617525844,11.3396877249082,8.49615744749705,255.989281495412,4.15123772869508
"348","lincoln",2023-11-01,0.503096851786855,11.1189158360163,8.49506286821867,312.010278701782,5.0945115039746
"349","lincoln",2023-11-02,0.485852017305368,10.3363005177359,8.39908404350281,346.513621070168,6.3476084698452
"350","lincoln",2023-11-03,0.580513945109807,9.70873689651489,8.71846546729406,268.003154118856,7.80412608881791
"351","lincoln",2023-11-04,0.336792286086916,9.76147463917732,8.65276313821475,322.265114148458,8.71809343496958
"352","lincoln",2023-11-05,0.337062036849586,9.78019977609316,8.63514109452566,335.56404654185,8.50834149122238
"353","lincoln",2023-11-06,0.338147858733937,9.86440372467041,8.62651817003886,333.670526186625,8.27853402495384
"354","lincoln",2023-11-07,0.339973534471108,9.7420356074969,8.63406575719515,329.041731834412,8.21204802890619
"355","lincoln",2023-11-08,0.324765432463513,9.61160663763682,8.5273410876592,347.74532922109,8.52227520942688
"356","lincoln",2023-11-09,0.320983483793439,10.0443839331468,8.50049356619517,349.798652331034,6.92034868399302
"357","lincoln",2023-11-10,0.369149942432743,10.4360082447529,8.4484617014726,337.41036828359,5.32661789655685
"358","lincoln",2023-11-11,0.446037228988225,10.4506902992725,8.5476223329703,343.729917844137,5.26227418581645
"359","lincoln",2023-11-12,0.440716855981929,10.2980949282646,8.50146554907163,371.602505048116,5.92856397728125
"360","lincoln",2023-11-13,0.416319839424872,10.4205157558123,8.42576954762141,345.635884920756,5.76668420930703
"361","lincoln",2023-11-14,0.12154780544687,10.2832398063258,8.17224095997057,446.589395944696,5.79059000517193
"362","lincoln",2023-11-15,0.178566106876499,10.2605786224206,8.28218820691109,466.398265959087,6.24727151791255
"363","lincoln",2023-11-16,0.18998217243801,9.90536467903539,8.20253045360247,429.966560681661,6.03866870204608
"364","lincoln",2023-11-17,0.21951424474125,9.84059144059817,8.20805657903353,416.28831354777,6.5448056012392
"365","lincoln",2023-11-18,0.221132972989918,10.1202084720135,8.2575043241183,403.374121348063,6.32219479978085
"366","lincoln",2023-11-19,0.218822748883341,9.79333985272576,8.28349277377129,404.239557584127,7.04984492063522
"367","lincoln",2023-11-20,0.22039463967647,9.93790787522511,8.28510690728823,405.524185180664,6.64288405577342
"368","lincoln",2023-11-21,0.219586263918249,10.4786897599697,8.26280732949575,398.541907310486,5.16127069294453
"369","lincoln",2023-11-22,0.218170148937903,10.548225680987,8.23263584574064,402.139805157979,4.77108669032653
"370","lincoln",2023-11-23,0.217218953926973,10.1477231880029,8.16741819183032,413.152342478434,4.46086557457844
"371","lincoln",2023-11-24,0.236538567698936,11.0497151315212,8.24621408184369,416.814223925273,2.03946371066074
"372","lincoln",2023-11-25,0.235242387445741,11.691380012603,8.26607665561494,407.58457438151,0.497119662773219
"373","lincoln",2023-11-26,0.198130778535264,11.8735740245917,8.26053285598755,435.211620893635,0.710955765599815
"374","lincoln",2023-11-27,0.193419746702035,11.7037113585123,8.25985061831591,492.403854370117,0.879508878127104
"375","lincoln",2023-11-28,0.194845027973675,11.5628955271337,8.2530047057511,485.485687652192,1.05329948073471
"376","lincoln",2023-11-29,0.309692995288381,11.1877877651117,8.24977602561315,483.811251958211,1.22251738685494
"377","lincoln",2023-11-30,0.31872683386446,10.9587850338075,8.27102453509966,465.516562779744,2.11738932381074
"378","lincoln",2023-12-01,0.319208194772238,11.1989575142556,8.23708235940268,445.891663233439,1.87654096136491
"379","lincoln",2023-12-02,0.314539601113893,11.3063658349057,8.25016796588898,433.307644208272,1.35204926040024
"380","lincoln",2023-12-03,0.306949609157978,11.2653373281161,8.25096041090945,430.773262023926,1.59663860189418
"381","lincoln",2023-12-04,0.30128663935276,11.1986380815506,8.24349845723903,431.608643279679,2.12532285600901
"382","lincoln",2023-12-05,0.301994070783226,11.1772374113401,8.26374620199203,439.010353900017,2.47986055682687
"383","lincoln",2023-12-06,0.302067537337816,10.4834246732751,8.1424471060435,430.270618672274,2.73480338255564
"384","timberline",2023-04-20,2.46332081094296,10.6388463973999,8.61216163635254,203.646057128906,9.9589695930481
"385","timberline",2023-04-21,2.46739002265552,9.96377695600192,8.0363897383213,211.259150028229,6.51580268641313
"386","timberline",2023-04-22,2.28337003146857,10.2266470984127,8.16050590078036,277.003956670346,6.41092851758003
"387","timberline",2023-04-23,2.2036877954858,10.5554040163413,8.28213401507306,319.564185460409,7.96379401286443
"388","timberline",2023-04-24,2.18022294117003,9.74063828587532,8.3101300795873,355.692117214203,11.0910896758238
"389","timberline",2023-04-25,2.42890509539893,8.92119288444519,8.1750001742922,NA,11.9042879839738
"390","timberline",2023-04-26,2.47906506047276,9.34507514536381,8.14354704320431,NA,10.7027053634326
"391","timberline",2023-04-27,2.46048689079731,8.85351726485462,8.14800318082174,NA,12.424765502082
"392","timberline",2023-04-28,2.47421320994693,9.17290289858554,8.17172518372536,222.20702063519,11.5597055852413
"393","timberline",2023-04-29,2.48526384438669,9.2154295394818,8.20478644967079,212.409472265909,12.4848020026024
"394","timberline",2023-04-30,2.53194341506842,9.06197086165223,8.12958864867687,207.256176856256,13.4168091149166
"395","timberline",2023-05-01,2.61090248891554,8.02107459145623,7.87491791013261,185.787663133839,13.2767829028043
"396","timberline",2023-05-02,2.28502036740944,8.05344255550488,7.81052802159236,260.499948819478,13.6355887651443
"397","timberline",2023-05-03,1.87810647537116,7.82356018404807,8.01691564420859,590.034112930298,14.503372023503
"398","timberline",2023-05-04,2.6111807503919,7.0395767339846,7.54706760744254,212.760131756465,13.5405808786551
"399","timberline",2023-05-05,3.45085953787959,8.62778897603353,7.39167917928388,85.7447398503621,10.1782438278198
"400","timberline",2023-05-06,4.17795745920614,9.20572008869865,7.40064231554667,73.1551121473312,8.76844240294562
"401","timberline",2023-05-07,3.72027290099698,8.87934100627899,7.44035506248474,80.5441172917684,10.183037708203
"402","timberline",2023-05-08,4.13320735408855,9.13687057296435,7.44703225791454,70.826997089386,9.80393360058467
"403","timberline",2023-05-09,4.10356054721766,9.06692298253377,7.42865865826607,79.2600618600845,10.2172010209825
"404","timberline",2023-05-10,4.02085678728507,8.97457267882976,7.54478489084447,102.131018797557,10.906668583552
"405","timberline",2023-05-11,2.73660589322671,9.04093540708224,7.60016541182995,161.542698224386,9.71738476554553
"406","timberline",2023-05-12,2.68625696155468,8.94618530074755,7.63406711320082,200.830557346344,9.99415808916092
"407","timberline",2023-05-13,2.21224329249197,8.83138337731361,7.74222016831239,342.539306480006,11.1590712765853
"408","timberline",2023-05-14,2.4884544702864,7.88758757981387,7.7794424444437,751.105994864686,11.8394572635492
"409","timberline",2023-05-15,3.24270639017709,8.88367091054502,7.57984417676926,185.491287763729,10.4737827976545
"410","timberline",2023-05-16,3.72763688869832,9.23250788450241,7.52662181357543,140.778118610382,10.1061356763045
"411","timberline",2023-05-17,4.30436255152347,9.04539433121681,7.61346886555354,134.970706939697,11.198023100694
"412","timberline",2023-05-18,4.56609763412108,9.08194572726885,7.69249651332696,133.293795585632,11.0973435242971
"413","timberline",2023-05-19,4.81997728373839,9.37431232134501,7.68346938987573,128.279977798462,10.1837321817875
"414","timberline",2023-05-20,4.74493024532487,9.39245789249738,7.74254639446735,138.013653914134,10.3440941572189
"415","timberline",2023-05-21,4.83847030089103,9.24770095944405,7.7101435760657,127.038564284643,10.995063662529
"416","timberline",2023-05-22,4.9245932088616,9.09761246045431,7.66744546592236,114.951531410217,11.4626174966494
"417","timberline",2023-05-23,4.93493085996831,9.04467891653379,7.63464440405369,107.412891308467,11.6419954697291
"418","timberline",2023-05-24,4.78008278672289,9.02217449612088,7.62226100899707,106.237340291341,11.7435805956523
"419","timberline",2023-05-25,4.76804209608772,9.19196177522341,7.69422574341297,103.403572559357,11.0566178262234
"420","timberline",2023-05-26,4.97351874431794,8.98273208737373,7.65411627789338,94.6845517158508,11.8220092554887
"421","timberline",2023-05-27,5.04012250637383,9.19877607623736,7.64269751807054,90.905775864919,10.90632284681
"422","timberline",2023-05-28,4.98986192617287,9.06019999583562,7.62631089952257,91.3537183602651,11.4374449352423
"423","timberline",2023-05-29,4.79916889925008,8.98905874292056,7.62266516685486,93.3259938557943,11.8753733336926
"424","timberline",2023-05-30,4.55193422896471,8.86926873524984,7.63413827154371,96.8216245174408,12.3751626511415
"425","timberline",2023-05-31,4.52733532372681,8.85126411914825,7.59283387320382,98.0519680023193,12.2011926651001
"426","timberline",2023-06-01,4.53090822791136,8.9139091471831,7.54560664792856,NA,11.9180112035651
"427","timberline",2023-06-02,4.59949547366313,8.86177721619606,7.55014241238435,NA,12.0036673645178
"428","timberline",2023-06-03,4.96932514019128,9.13117135564486,7.53208712821311,NA,11.3030935724576
"429","timberline",2023-06-04,5.13934036150548,8.99607734878858,7.54610109329224,NA,11.6070325473944
"430","timberline",2023-06-05,6.35917911911358,9.17786647876104,7.45095395529142,NA,11.113725801309
"431","timberline",2023-06-06,6.45066515385157,9.05786869923274,7.48596985141436,NA,11.8529479503632
"432","timberline",2023-06-07,6.06966602356992,8.91244078675906,7.51318801442782,NA,12.3938504854838
"433","timberline",2023-06-08,6.18209126009454,9.08098282416662,7.49054765701294,NA,11.8899413058632
"434","timberline",2023-06-09,6.18782738777386,8.99885542194049,7.48611953854561,NA,12.1582295199235
"435","timberline",2023-06-10,5.99618446643215,8.93371054530144,7.48599530259768,NA,12.2601612905661
"436","timberline",2023-06-11,5.80173505036728,9.12949973344803,7.49133665859699,NA,11.4966285705566
"437","timberline",2023-06-12,6.03624112848533,8.99488942821821,7.47367550432682,NA,11.6678841809432
"438","timberline",2023-06-13,6.01719012079804,9.12294740314725,7.47245760205426,NA,11.1375725178779
"439","timberline",2023-06-14,3.63840257843449,8.75864505767822,7.63316763148588,NA,13.25030410991
"440","timberline",2023-06-15,3.70486686065009,8.71213791767756,7.58310748140017,NA,13.0387866672717
"441","timberline",2023-06-16,3.67374237958543,8.80288578073184,7.55850089093049,NA,12.5724652707577
"442","timberline",2023-06-17,4.0278106825996,8.10106968382994,7.38839550813039,NA,12.1560964077077
"443","timberline",2023-06-18,4.05933122660737,7.72688675439486,7.33235268341868,NA,12.7512602806091
"444","timberline",2023-06-19,3.68662682051913,7.81769301493963,7.35402017229059,NA,13.6530284980933
"445","timberline",2023-06-20,3.44821620839319,7.60749769210815,7.32550422076521,NA,14.5525810141312
"446","timberline",2023-06-21,3.33981925154108,7.9117479110032,7.37588061094284,NA,14.1816801221183
"447","timberline",2023-06-22,3.3556056376215,8.26617938280106,7.44450417985307,NA,14.9137122531732
"448","timberline",2023-06-23,3.51872428093954,8.28069889545441,7.45236093439954,NA,14.8886362339588
"449","timberline",2023-06-24,3.4305430928921,8.26082348326842,7.48383268984881,NA,14.7762523293495
"450","timberline",2023-06-25,3.08708198313104,8.33476713299751,7.48786018249836,NA,14.6698252828498
"451","timberline",2023-06-26,2.5904928284162,8.10741019189081,7.47386984329543,95.8425732349214,15.6915030604911
"452","timberline",2023-06-27,2.69415815527043,7.78659447279612,7.46537113923809,103.09241505374,17.1520468144081
"453","timberline",2023-06-28,3.97699112257148,7.80987410495679,7.48677780479193,110.531447291374,17.0544431209564
"454","timberline",2023-06-29,3.53834277289907,7.61741995811462,7.5217376947403,127.745580991109,17.7541549404462
"455","timberline",2023-06-30,3.04148936567031,7.59282320737839,7.50115043421586,158.261025110881,16.874182899793
"456","timberline",2023-07-01,3.77278412037082,7.96017174919446,7.50733761489391,118.106073300044,14.9992204010487
"457","timberline",2023-07-02,3.58639356546185,7.5699810626659,7.55306572005862,121.649275461833,16.3831814825535
"458","timberline",2023-07-03,3.1183001999532,7.40337643524011,7.5312267386395,140.590248902639,17.2471445004145
"459","timberline",2023-07-04,2.61731734803288,7.37833584845066,7.54751108586788,182.268760681152,17.1608128050963
"460","timberline",2023-07-05,3.1800286582565,7.49391960803373,7.48241507856152,156.165585863721,15.971873242368
"461","timberline",2023-07-06,3.84964582473613,8.20045326650143,7.51831301917201,124.07343006134,14.949557920297
"462","timberline",2023-07-07,3.82207410645249,8.02904476225376,7.53681530422635,122.477610985438,16.2175769805908
"463","timberline",2023-07-08,3.55464491695476,8.12755442162355,7.54654742990221,138.01420768102,15.8431224425634
"464","timberline",2023-07-09,3.83205461347015,7.94271094103654,7.61153568824132,156.991885821025,16.429027736187
"465","timberline",2023-07-10,3.95906380667448,7.77002946039041,7.60128650766738,148.44543727239,17.3344285686811
"466","timberline",2023-07-11,3.62057668132279,7.58025595545769,7.65893664258592,169.194839000702,18.2461324532827
"467","timberline",2023-07-12,3.22268758844339,7.39428203304609,7.69131283462048,190.613276055519,19.1276744206746
"468","timberline",2023-07-13,2.94930166006451,7.3911710480849,7.71378226578236,214.628146295962,19.110234896342
"469","timberline",2023-07-14,2.55135127622363,7.19922729829947,7.77225133776665,297.146977424622,19.6716908613841
"470","timberline",2023-07-15,2.71681484084798,7.4283087849617,7.76136240363121,217.483248392741,19.2545440874602
"471","timberline",2023-07-16,2.31239445704961,7.31590893864632,7.80773563186328,504.33680934532,19.9014561971029
"472","timberline",2023-07-17,1.99840204835,6.66414333760053,7.8773387547197,555.680435395577,21.6341085982049
"473","timberline",2023-07-18,1.77409935391537,7.10925387276543,7.81883091926575,392.699179077148,19.8854525036282
"474","timberline",2023-07-19,2.18481267777854,7.59662798047066,7.84330478310585,395.403586387634,18.7287504673004
"475","timberline",2023-07-20,2.08293732215574,7.57521733641624,7.90794513126214,492.559207280477,19.0208296577136
"476","timberline",2023-07-21,2.59075344945392,7.45349526912608,7.75313323239485,311.966666698456,18.293571571509
"477","timberline",2023-07-22,1.99121875478987,6.9956629742151,7.84997486074765,678.130227724711,20.5832259456317
"478","timberline",2023-07-23,1.86212475968722,7.23607189953327,7.95894043644269,923.381573677063,21.5953071316083
"479","timberline",2023-07-24,1.89546076561716,7.41189063605616,7.97807570563422,846.809647780198,21.4560732311673
"480","timberline",2023-07-25,1.90552295757452,7.80489662114312,7.93201403319836,717.234226226807,21.842190861702
"481","timberline",2023-07-26,2.0419930090777,7.34390416741371,7.97519543766975,559.511652946472,21.7271885474523
"482","timberline",2023-07-27,2.35035818140739,7.76231020192305,7.97142421205838,329.143715222677,18.7554340163867
"483","timberline",2023-07-28,2.47962595344352,7.55963172382779,7.85342991087172,304.589711846246,18.5099541770087
"484","timberline",2023-07-29,2.41322525614045,8.09713833034039,8.03207258467979,309.862996737162,18.2040608723958
"485","timberline",2023-07-30,2.4571681088715,7.84382705887159,8.04817853075393,303.907420476278,18.9797601103783
"486","timberline",2023-07-31,2.59441754113174,8.10989100668165,7.8357832142801,247.98449690077,18.0741356743707
"487","timberline",2023-08-01,3.66870086707386,7.64879800875982,7.70235244433085,185.914304711353,17.4782032072544
"488","timberline",2023-08-02,2.67705911768884,7.45789653559526,7.6989954362313,320.856590906779,18.6306472619375
"489","timberline",2023-08-03,2.76729061369168,6.87885341544946,7.68538538118203,374.106255849202,19.7343357801437
"490","timberline",2023-08-04,3.27348900134013,7.6665777216355,7.64721826215585,234.405649185181,17.7746767203013
"491","timberline",2023-08-05,2.31834754564285,7.43484431008498,7.85128987828891,514.034083048503,19.7583403984706
"492","timberline",2023-08-06,2.33833890688734,7.44561734298865,7.91262999673684,463.346447308858,19.6926070253054
"493","timberline",2023-08-07,2.54556927283458,7.90289131800334,7.90648531406484,321.83257261912,17.5521825949351
"494","timberline",2023-08-08,2.42885833671259,8.06543833414714,7.93429796883229,355.785068766276,17.4568996747335
"495","timberline",2023-08-09,2.26784344072377,8.35760385294755,7.94104521969954,443.851897239685,17.8349791864554
"496","timberline",2023-08-10,2.14014128986873,7.94691304450339,8.01854329307874,592.783472061157,19.6978920499484
"497","timberline",2023-08-11,2.1145859813845,8.11492361625036,8.06246945261955,607.901709238688,20.206899523735
"498","timberline",2023-08-12,2.01663399111264,7.85280906657378,8.04320875306924,723.959172566732,20.5058591961861
"499","timberline",2023-08-13,2.23466565284492,7.98627355198065,8.06507151822249,522.955321629842,18.7310979366302
"500","timberline",2023-08-14,2.23426971531993,8.57408567096876,8.08443694365652,488.057142893473,17.471848676602
"501","timberline",2023-08-15,2.24612963185002,8.40724970939312,8.08521874578376,465.218387285868,18.2147824863593
"502","timberline",2023-08-16,2.09440895663265,8.0731560424134,8.09169106682142,537.73556137085,19.3965359528859
"503","timberline",2023-08-17,2.17593187599547,7.66287324825923,8.0935797393322,507.078354199727,20.1225292086601
"504","timberline",2023-08-18,2.38858073645986,7.90816265841325,7.99774721264839,330.892870903015,18.5151467323303
"505","timberline",2023-08-19,2.40616469831068,7.80606110394001,7.97176246841749,336.724630991618,18.2488414843877
"506","timberline",2023-08-20,2.55706867065921,7.92863318820794,7.9227197021246,269.984550158183,18.0133567651113
"507","timberline",2023-08-21,2.52250916883916,7.96471337477366,7.90590214729309,270.245197931925,17.8857256869475
"508","timberline",2023-08-22,2.46509846985974,7.94699716071288,7.94310654203097,285.946686108907,17.7930775880814
"509","timberline",2023-08-23,2.55991628762153,8.10997445881367,7.91281063505944,254.93483320872,16.9789730111758
"510","timberline",2023-08-24,2.61822889182871,8.04312519232432,7.89479535184008,239.685950597127,16.8956228196621
"511","timberline",2023-08-25,2.70677127161742,8.06998748580615,7.65380402406057,193.429163773855,15.2397138178349
"512","timberline",2023-08-26,2.52543335045367,8.20387429992358,7.69742949134425,239.866725921631,15.6059928536415
"513","timberline",2023-08-27,2.20589408135098,7.81188670297464,7.77571347852548,340.444308916728,17.0545951724052
"514","timberline",2023-08-28,2.49812676059235,7.98491850495338,7.72371724744638,245.3582072258,16.2989012698332
"515","timberline",2023-08-29,2.42726362813277,7.7870617210865,7.71393858393033,317.26342935765,16.8533273339272
"516","timberline",2023-08-30,2.48849610255169,7.95096118748188,7.74811313052972,291.723220507304,16.5784978568554
"517","timberline",2023-08-31,2.31764259380493,7.51385283744198,7.77618720372518,387.458457683695,17.9824015373407
"518","timberline",2023-09-01,2.28051091445194,7.29521439870199,7.8626008298662,571.717532687717,18.8523743099637
"519","timberline",2023-09-02,2.08855897911111,7.22223797937234,7.89363114039103,748.482543945312,20.0347680449486
"520","timberline",2023-09-03,2.06898096367373,6.99249745408694,7.90597951908906,794.612571080526,20.7282066941261
"521","timberline",2023-09-04,2.20689365127585,6.97643690307935,7.89283455411593,718.577305627248,19.300223728021
"522","timberline",2023-09-05,2.88317120392048,8.28461822710539,7.79724822797273,221.154558523078,14.7774914992483
"523","timberline",2023-09-06,2.43128920924396,8.24877973397573,7.87609523038069,347.55447324117,15.745428621769
"524","timberline",2023-09-07,2.19528309575222,7.82154126962026,7.91240451236566,534.27037080129,17.2229961951574
"525","timberline",2023-09-08,2.25963257281766,8.06448716918627,7.93212251365185,435.968129475911,16.7818265259266
"526","timberline",2023-09-09,2.03676988493298,7.85150732019896,7.95349477231503,757.395680745443,17.7294246653716
"527","timberline",2023-09-10,2.37732684272434,7.74565883477529,7.87369805574417,440.378794352214,16.9233412841956
"528","timberline",2023-09-11,2.61183719499227,8.54451091090838,7.81327054897944,287.296498934428,13.6950835684935
"529","timberline",2023-09-12,2.41448419515695,8.51945458067224,7.87809683921489,320.838312676612,14.3538236922406
"530","timberline",2023-09-13,1.77849321667281,8.39545666674773,7.93303024768829,398.134349505107,15.0139029721419
"531","timberline",2023-09-14,1.69974860648586,8.26555475592613,7.95572330554326,434.932358423869,15.0397371947765
"532","timberline",2023-09-15,1.68007951704367,8.10335959990819,7.84128871063391,563.144099871318,15.3158150414626
"533","timberline",2023-09-16,1.89931217901566,8.57359780867895,7.95792314906915,394.358545621236,14.7687337001165
"534","timberline",2023-09-17,1.8634745896128,8.30966710029764,7.99785036345323,571.442093531291,15.8895720144113
"535","timberline",2023-09-18,2.10088710255852,8.1190911779801,8.05454431970914,856.085783723113,17.3596188724041
"536","timberline",2023-09-19,2.13839272795364,7.65243780612946,8.05010053018729,922.277728192218,17.7710169752439
"537","timberline",2023-09-20,2.17014584432571,7.88046355048815,8.07121431827545,888.066142400106,17.117700189352
"538","timberline",2023-09-21,2.51623112744755,8.11548754409119,8.02943953838977,499.604579715938,15.7676825470977
"539","timberline",2023-09-22,2.44587547098676,8.10183625871485,7.98490080508319,392.018913615834,16.3258102048527
"540","timberline",2023-09-23,2.42182622652499,8.18277337153753,8.0206991036733,429.296549479167,15.758010327816
"541","timberline",2023-09-24,2.43151708525881,8.46379019320011,8.03449037671089,428.938391367594,14.9671954611937
"542","timberline",2023-09-25,2.40281928569101,8.5162444661061,8.05857876936595,453.848988850911,15.2108570933342
"543","timberline",2023-09-26,2.26510157730582,8.34617627900222,8.08013906578223,560.743825912476,15.7657571534316
"544","timberline",2023-09-27,2.17212904241599,8.44093580349632,8.10661910971006,698.585707346598,16.6999586025874
"545","timberline",2023-09-28,2.12129668228998,8.45575622717539,8.12602288027604,789.685874303182,17.1030032634735
"546","timberline",2023-09-29,2.08157500374094,8.30956326248825,8.1295274217078,859.565451764046,17.3772402316966
"547","timberline",2023-09-30,2.04608142217884,8.40898473064105,8.13216447333495,897.181002298991,17.2219699621201
"548","timberline",2023-10-01,2.03605240144912,8.05085211104535,8.0937418192625,920.35798962911,17.5448500911395
"549","timberline",2023-10-02,2.06027991460389,8.04988046487173,8.09781202673912,895.767683664958,17.2745821277301
"550","timberline",2023-10-03,2.10149046797926,7.26024092511928,7.92936926583449,822.154546101888,16.8741016785304
"551","timberline",2023-10-04,2.271702429331,7.88805641730626,7.98324349522591,631.367555300395,14.8285948137442
"552","timberline",2023-10-05,2.28834284714131,8.35366345445315,8.01840731004874,520.91553624471,14.6128186583519
"553","timberline",2023-10-06,2.25973674799788,8.32267848120795,8.01925718519423,553.765428331163,14.1748287094964
"554","timberline",2023-10-07,2.14743729350348,8.79598527153333,8.08079706132412,645.471784591675,12.7473121484121
"555","timberline",2023-10-08,2.12086766294432,8.70691908399264,8.10232100387414,657.246329625448,13.4396534661452
"556","timberline",2023-10-09,1.99173477829324,8.63484003188762,8.09335740904013,870.439681371053,14.1124978760878
"557","timberline",2023-10-10,2.17695836644932,8.20365350354801,8.06061484055086,667.824808294123,13.9833022572777
"558","timberline",2023-10-11,2.08084719581284,8.20973439514637,7.98460416992505,660.755499839783,13.7403326332569
"559","timberline",2023-10-12,2.02808540843845,7.98792624473572,7.9878862897555,893.511534372965,13.3955977360408
"560","timberline",2023-10-13,2.14051924541687,8.82022134462992,8.10236872235934,766.39200182463,10.7385710875193
"561","timberline",2023-10-14,2.3574561088671,9.26586246490479,8.02096142868201,443.556326548258,9.61719248692195
"562","timberline",2023-10-15,2.33127218494369,9.24728840589523,7.98987698058287,418.30854956309,9.79560735821724
"563","timberline",2023-10-16,2.47335417784483,8.98173532883326,7.97159371773402,323.847634951274,10.9666438301404
"564","timberline",2023-10-17,2.45840119986797,8.74462951223055,7.97647911310196,330.836221694946,11.6145234207312
"565","timberline",2023-10-18,2.47371064095079,8.61660423874855,8.01601630449295,322.514610608419,12.3038627107938
"566","timberline",2023-10-19,2.49115789209387,8.71832572917143,8.01082868377368,317.970074971517,11.9802536070347
"567","timberline",2023-10-20,2.63479455051091,8.52293163041274,7.97899895906448,298.724594434102,11.9997318089008
"568","timberline",2023-10-21,3.34852144654932,8.7954144179821,7.91304559508959,161.769124507904,11.3425757586956
"569","timberline",2023-10-22,3.35267215023153,8.77055821816126,7.9596455792586,164.04439385732,11.467505723238
"570","timberline",2023-10-23,3.36075343515222,8.8283149600029,7.98860279719035,164.091083245528,11.1460604568323
"571","timberline",2023-10-24,3.38647733786311,8.83780558904012,8.07569751640161,162.300959269206,11.3914233247439
"572","timberline",2023-10-25,3.42399454146085,8.88482586542765,8.0405103713274,160.66925795873,11.0324700474739
"573","timberline",2023-10-26,3.36932772749031,8.82638707411917,7.971226811409,173.414366881053,10.7435739636421
"574","timberline",2023-10-27,2.60460796594649,9.59766014500668,8.01853911578655,313.202748457591,8.70714075863361
"575","timberline",2023-10-28,2.47362328988953,9.80768106150073,8.12487403825782,372.935657990284,6.60148711638017
"576","timberline",2023-10-29,2.39011257760728,10.5033608436584,8.08802207656529,454.669607644553,4.7174208967582
"577","timberline",2023-10-30,2.42026468660651,10.5613906012641,8.13735810915629,447.660265286763,4.40129602700472
"578","timberline",2023-10-31,2.28558164466461,10.4147355261813,8.09094315634833,456.931974622938,4.74560895760854
"579","timberline",2023-11-01,1.41005155485962,9.99911671496452,8.11006119847298,628.095717430115,6.32205944756667
"580","timberline",2023-11-02,1.57277055804077,9.37827278005666,8.07367944717407,704.723309396327,7.80734953719578
"581","timberline",2023-11-03,2.18059217705507,9.35301548639933,8.29928281903267,466.24965540568,8.48269821206729
"582","timberline",2023-11-04,1.97485418852618,8.68310200084339,8.13265961905321,670.343349138896,9.64121763904889
"583","timberline",2023-11-05,1.95214740473337,9.10863346300627,8.0825143456459,749.592724482218,9.65352576971054
"584","timberline",2023-11-06,1.94578141115904,9.19849657018979,8.08383943140507,759.023732503255,9.51309889554977
"585","timberline",2023-11-07,1.95686291459696,9.01884796427584,8.0750716427962,751.568703333537,9.40438341597716
"586","timberline",2023-11-08,1.95998649113931,8.80740268334099,8.01698613663515,769.748917261759,9.54243123531342
"587","timberline",2023-11-09,1.96182787487397,9.28165807326635,8.03189087410768,781.464688618978,8.18866921961308
"588","timberline",2023-11-10,1.97515103456782,9.65706568956375,8.04170290132364,746.3298219045,6.66497919956843
"589","timberline",2023-11-11,1.99781151300074,9.83729424319425,8.05839860439301,695.09645437687,6.28581769267718
"590","timberline",2023-11-12,1.99085542721544,9.70783006227933,8.0792597134908,706.865632375081,6.76527759432793
"591","timberline",2023-11-13,2.02588000795062,9.69412301176338,8.09861406187216,644.337654194079,6.50178233285745
"592","timberline",2023-11-14,1.93434918652946,9.42273031671842,8.00050798555215,827.186246871948,7.501863732934
"593","timberline",2023-11-15,1.93253368735439,9.35259683508622,8.03417262931665,876.51967493693,7.86667032043139
"594","timberline",2023-11-16,1.93708018700055,9.01836969455083,7.99923276901245,857.206464767456,7.71947368482749
"595","timberline",2023-11-17,1.94411768404088,8.56088907519976,7.90821908414364,844.154414494832,8.03339647253354
"596","timberline",2023-11-18,1.94330115750244,9.02138012150923,7.97585780421893,823.626324971517,7.74716473122438
"597","timberline",2023-11-19,1.94260210178851,8.90146982173125,8.00026516119639,829.771691640218,8.42569910983245
"598","timberline",2023-11-20,1.93992696577253,8.84196447829405,8.00377570092678,831.428185780843,8.00227171679338
"599","timberline",2023-11-21,1.9383736065918,9.39519370595614,8.02304501736418,828.962957382202,6.53128508726756
"600","timberline",2023-11-22,1.93549284075358,9.37132845533655,8.00004314879576,835.993316650391,6.3424572100242
"601","timberline",2023-11-23,1.93229361349695,8.96577889720599,7.95193672180176,843.455846150716,5.98420745631059
"602","timberline",2023-11-24,1.93848756446744,9.87442463636398,8.01913125813007,854.203368422564,3.53893913328648
"603","timberline",2023-11-25,1.94170486807494,10.6008537312349,8.04585362970829,874.974210739136,2.04226731384794
"604","timberline",2023-11-26,1.9421556716772,10.5992173751195,8.01610499620438,940.517626444499,2.10055548387269
"605","timberline",2023-11-27,1.93625348048517,10.343046178209,7.9889100342989,1022.95630241843,2.63480729609728
"606","timberline",2023-11-28,1.93537730459657,10.2511171797911,7.99339974919955,969.33331489563,2.90342853218317
"607","timberline",2023-11-29,1.94012719640719,10.1643300155799,8.00458392500877,942.718012491862,3.17722896362344
"608","timberline",2023-11-30,1.94152655456557,9.88404149507221,8.02678030232588,932.773279825846,4.08700982977947
"609","timberline",2023-12-01,1.93714282279187,9.90222596128782,8.04456061621507,911.988880793254,3.80954167991877
"610","timberline",2023-12-02,1.93364293488771,10.5047588249048,8.07964893182119,855.347923278809,2.44464098165433
"611","timberline",2023-12-03,1.92784470257456,10.6518757442633,8.09288535018762,843.101723353068,2.32526439552506
"612","timberline",2023-12-04,1.93029719931803,10.575954079628,8.08546971778075,833.22268931071,2.72472651302814
"613","timberline",2023-12-05,1.93684734269005,10.4615958929062,8.07331469655037,837.738053003947,3.319243217508
"614","timberline",2023-12-06,1.93531886742042,9.91728523799351,8.02182777949742,829.913287353516,3.36265599046435
